,0,1,2,3,4,5,6,7,8,9,10,11,12,13,14,15,16,17,18,19,20,21,22,23,24,25,26,27,28,29,30,31,32,33,34,35,36,37,38,39,40,41,42,43,44,45,46,47,48,49,50,51,52,53,54,55,56,57,58,59,60,61
0,167588.284713784,1629.80124210121,98.3995100764211,30.9274614880075,32.6808748667413,20.7039895133332,20.0108418028261,21.0228416925934,19.2666709313571,23.2500764822179,27.612015333309,20.6352898815862,23.0075217146037,19.9861454635773,19.7850514417715,23.420239826201,22.7737611947251,23.7104944615931,24.7676166268844,19.5192225236829,20.5410707219824,21.0115293939631,18.3316192071765,23.6134296305273,18.1480711608218,24.2119141741964,24.3159947474199,29.4060610433004,26.0435699434819,19.6396766763973,20.527369158356,18.8481173308128,21.0776186190309,27.5226076515889,21.025098696378,27.907485572211,21.9996969159206,22.9322036030852,23.5803226573825,24.21636335774,19.4702758906735,21.6645398141794,22.5548839513697,23.9407396729984,20.131017095435,26.8105766566434,24.464928333648,18.2047713642173,25.1522692224103,19.3409968789693,26.0641987714638,18.8794985844938,25.4009083836631,20.3944697886047,22.5891667770145,19.6704925383107,26.0647859319044,24.5373683656561,18.4590851109998,32.1554335399198,21.5248377512065,24.6572172533146
1,1603.21069909894,165314.174151799,199.14354345733,25.3967027648792,27.6262557469038,24.5729366916001,22.6477306783324,22.8668663939226,22.67060366692,20.0749565097323,18.3837689770133,22.6353531850081,22.9241070765571,19.2473021619125,28.4250508759235,19.3799405309859,18.2391175835731,20.8483926493243,26.1480271628386,23.4441684816082,26.728147687309,23.2774713077968,23.8806156205416,26.8566294091983,23.2772521236412,25.0256859292386,28.6039728527757,25.8932096994488,24.9751750618406,23.3749497148921,23.9959776988608,19.4114721421562,24.9506120475689,19.515556090931,19.4888256149116,22.4512651143324,25.4829210873722,23.9474782093528,21.2106478318908,20.9174130134875,21.7474329586682,20.1510335769332,18.8808829538639,26.4166520225736,23.2141110134719,24.2326240199356,18.733285141755,24.7087481448369,21.6973447971117,21.6105122533014,21.8899058871313,23.3310579893294,23.6997980010637,24.9388703920545,18.3204001608072,24.6292034409834,19.8587803191351,25.6292720006784,21.6030700216259,37.4485900170695,25.6620485019289,24.1872229343144
2,98.4125303807167,199.133574115772,174647.119457328,25.7000985804745,22.5698118373781,18.8744189512234,24.6751096399295,23.2934471145725,21.3796155047915,25.2506203647481,17.8487317446874,21.3213983656496,20.4099095891466,19.1886147785301,20.7911748627252,22.3114808169086,18.1550996153213,22.8514584700821,29.2678400926611,25.848952531808,24.6845511453744,25.8241664234471,19.9985343425107,27.2457266608079,19.7102938913889,22.4331057267188,20.3879706931973,29.2655560007687,22.5441381327433,20.1368151944777,25.668568077467,18.8080747032674,22.3091581297857,21.7726107628954,23.9783928590918,23.2921336272955,17.5309690681161,21.7662512473699,22.1249254083862,22.9931860730387,18.1633560977989,18.2514126808157,24.0552333510769,21.9655364860778,22.2934611620627,23.0525809348878,21.479567404989,22.8925748251353,22.5942027884029,21.065687535071,25.3557515044397,20.1319459558439,23.4900211984414,22.2032051511084,18.8622676223946,23.2500884403477,21.0318168633962,19.4287329327096,22.6822353038206,28.9132744097638,24.5020364098851,22.8365446823972
3,30.9274491592563,25.3970643891259,25.6998210600298,227291.150813426,1780.63593582191,20.3028460806232,22.3614376945396,21.2244693561706,25.3668324482904,27.2427342055381,19.2936779768405,24.7572958656805,23.4443923291833,18.6507956336965,28.972864673101,21.5508802367573,20.1206175434168,19.3463503811346,24.092718693684,30.6835245012034,22.4971430133705,24.5110280142662,19.4987996126483,20.2466470657281,28.9167216909438,28.51589919739,23.192910386422,24.1826355897266,20.9819854158025,19.3208319374912,22.7625983904454,19.0224054805292,20.9611689944314,22.8713159385256,21.4968068108512,21.2076453822317,22.3778319052041,24.7280778180255,19.4389747211679,22.8345487552905,21.2163682876216,24.0040702899257,22.7740425285014,26.3883552669729,21.6832660865451,26.4694439644117,23.1712856036944,19.654474046667,24.9145065420587,28.314758842142,21.2661745560317,24.3675317380218,18.7615054355399,28.8771953340311,23.7534919442998,24.1319286619163,23.6359663803208,25.2997411453929,24.1034675036419,33.3768588749466,24.022296841003,23.685149200225
4,32.6810296252113,27.6285159480342,22.5697137776823,1788.00781257164,230567.689163289,22.1730543255574,20.645288433089,30.8463323918364,21.8903531343378,23.4120213197733,20.5421851810714,20.5651202560235,27.6541747543709,19.9852580468785,17.9372675917742,21.7271531820287,24.1076868272,22.2651507715434,22.0777317078169,21.2981817441376,21.6165632267891,22.891393789679,27.5961928248015,23.0517075155195,16.6992585562369,21.5975222528496,24.7696597974046,21.897908764358,23.868484884202,23.0707743704489,18.316265146277,22.3470043042628,21.690008848495,24.4532156771715,21.6878543024725,27.1701464964001,19.5149080849924,26.1906663218666,20.9690306214438,19.691524954648,20.4071377211434,21.6022742138879,21.7043385061839,26.0944810582489,21.0981471861065,19.5780547652164,22.5832707592274,25.2824173794644,18.5753255761664,30.19539440641,20.9738312540693,20.109725177241,21.538352381209,25.8101710178559,22.6680267865657,20.6793372449099,18.4086048558415,25.6566036487464,21.8495931556826,43.3842054450638,25.8864333864689,21.2585500483969
5,20.7043974967251,24.5730760036013,18.8745635648016,20.3020323135101,22.1738899599093,104501.265934408,19.4427165992873,28.5228265760606,31.1292875394585,22.2757928151135,22.7217192386061,20.1651800097428,19.2985907942228,18.6357504428562,20.3843541245534,20.869354558694,20.1451360881702,30.5743528851833,35.2272477936987,31.6673087838298,25.6902453934876,19.1488936475035,17.1171021052773,19.1060417226553,19.6491250789174,24.1362173430036,22.5929727933375,21.8043829953773,23.1834454915052,29.5773782312855,26.1346222176176,29.7619143725977,32.7147001682144,23.5517601979597,23.15436437746,26.7663901022619,19.7690371653886,21.0441192588356,30.8968741694014,19.1194566170386,20.6853600072525,22.2010087909445,20.8000263977213,18.8075929249712,19.2121480316823,21.6949501217036,18.7904445015778,23.5272154251343,26.2263600229759,21.9062936194545,19.4094171953947,17.5202655698018,26.0919429060146,22.9286092271889,19.6592733165065,22.2907284456599,20.6501469276661,17.8379300468783,20.7188598493875,24.3868085413681,23.0922958911609,19.790459459779
6,20.0106054964433,22.6494129570786,24.6755091327623,22.3615085677775,20.6454241661831,19.4436114629882,191161.941106715,21.1252076813487,20.8982699315709,20.8612217341609,24.3376161694306,21.0076711940074,23.7669887108784,23.174280430584,20.7404930519838,18.2047887733021,21.6878831222707,19.6594277631085,24.3335165516349,19.2959381373253,19.5308721384494,21.7627408843907,18.5673327022219,19.954660118061,18.2877396523779,25.4445042157882,23.4096992015898,18.6829636463674,21.9525453738537,25.2462066058674,20.0075824083942,18.0814676197444,21.9894573757753,19.4764537953464,21.2545102086009,23.0928146368968,19.2504619602899,19.2725929127152,22.6803564243211,18.4951250835233,19.9058036236652,20.3603511141478,21.797134164934,21.5862374061704,18.5668982815596,33.3891264917386,18.7192688563051,22.7874757993569,23.9932066743506,19.1836234866845,18.4220492151792,19.7576159079697,20.5547775027214,21.7967929622746,21.0457202015499,18.8216087756943,23.0735214882241,22.0806858553828,21.7120482282809,27.6548880099601,21.8774790553857,21.6630517041091
7,21.0233125427062,22.8667792517737,23.2926804396423,21.2237298609508,30.8462727960527,28.5218807884877,21.1248500422064,191951.808874401,44.9963121065155,20.3800913092365,20.1198200278632,25.2308209426878,19.1460571461459,17.7697946475363,26.6747050016498,24.4753500797402,24.2656945822916,29.9180277903842,30.0837929265944,31.3201042910992,31.4503869042546,22.500702665722,25.0904577207308,20.8542706830521,21.473278269798,26.6000440822283,21.1722932609045,20.5860440140349,21.0721651499314,28.5217260505846,22.6497084699625,33.4527583900881,25.3685727268938,26.1017319795243,23.0834270335795,29.4172378500516,27.663159667817,23.5715819831348,20.3790561170484,21.1449486903305,23.2121045359012,23.7757800943502,25.988771126805,36.3125404932099,22.0095300070439,18.8930117858687,21.6731580017529,17.8453468042596,18.8801216109581,21.5481730914469,19.8182699307678,23.5521102764878,22.8903546907975,26.130352836493,19.2730110022443,19.3894786767692,19.8256386540078,20.8179067070667,22.9093063334537,25.0621818741148,21.7512779772001,24.1127398011388
8,19.2671056695779,22.6706086639089,21.3796804628628,25.3674655985572,21.8896612005617,31.1283326328429,20.898496598563,44.9947801659948,185732.622504072,21.6827896747707,20.3067505660653,23.6199350261231,21.5777392666234,22.2225126422844,21.8315713100629,19.6989797419611,20.7077222862029,30.2014407685831,32.7507559343327,29.5258105735199,27.0875602529149,26.6024743221612,24.3324331826752,23.4580659896207,23.2438863123891,38.5047832528336,22.8931817416979,25.1367365726965,22.142465672954,27.6844599943293,23.6198262366296,27.7915871960482,32.6965841404507,24.3648025187027,21.2280753510603,22.5531899900833,26.260545037125,18.7858931286909,23.4069603382937,19.6356558533086,24.0542959496619,20.1937044342536,24.4254452698223,28.075518363989,23.0742171094389,22.8030198550034,22.3559229241225,23.6117949806461,23.5976547535555,31.0112961747468,29.9614168235156,22.0469443213794,20.5270777125364,26.3053827405058,18.4243769286577,22.8440951336205,19.9120737936849,20.7404677532897,21.1724728169366,26.3576514296508,18.836321108792,24.5234656540216
9,23.2496888830366,20.0747232054359,25.2514372468184,27.2422027592681,23.4119974296265,22.2759133598077,20.8604619309118,20.3815227618108,21.6826608896247,180861.579924236,22.5655085251272,22.9039566262995,23.2365071381299,23.8523908823656,18.9152086679989,18.3776800721075,32.8011000969723,19.7159416123096,21.9072845038684,28.6652758814495,21.7507580141857,24.8587976193585,21.0336469461708,26.5769898199112,24.2797109295843,28.2888813205412,18.3684533090122,22.9230598337858,19.7967377072995,19.8793414756358,22.6981293402075,28.8820136288677,21.8825228825681,23.733467659692,21.3070178398284,20.2948593104061,18.9871328598167,21.216462557716,19.3757436338478,23.251211742369,23.3553787385435,25.6119218432891,30.9903856783503,23.5670737205882,24.1552978715171,28.8270894423433,22.1588757750284,20.5715131869503,20.2494046710558,26.6676218417707,22.3840215908512,21.1132924102214,24.1733120461409,21.0922153396817,24.3131903388265,20.0748075256041,27.0043746517576,22.7538717036421,22.3627075673106,23.0114445089629,21.6572943566883,19.9442269187263
10,27.6124767397061,18.3839502694378,17.8503472743461,19.2942304224709,20.5428229160992,22.7222235134115,24.3375044894315,20.1205575196003,20.3059451391152,22.5658020044179,221741.057860012,20.6363768941292,17.6206396344904,24.7094749822998,20.5663307712331,23.9784066043506,17.3200867072294,22.3151812715488,19.4286361350506,19.1702963001346,19.0411503494449,18.6723079393597,18.6252549786877,23.1077642662975,21.2838784603419,21.0279675894156,25.9727845371373,19.6972191431609,19.3798910280444,19.7398040998985,22.1859877074188,19.0594679350161,22.7066467107579,21.6329672068613,21.3893314492151,19.3302929337176,23.3725689105755,20.0356428310498,21.5578341292231,24.4355067746076,21.6211226677902,19.7838938250816,21.9675250940905,22.8234797805143,18.7395671677369,22.430711638532,22.722076918736,17.6905784734964,20.1073778410171,19.0469732832379,24.6118698518185,20.3266019885546,20.6867371528305,20.7434087828627,18.2109567394309,20.9322079872537,23.0007037016736,20.7772150208656,19.1974652073217,24.8945958166492,21.5856001770787,18.5208050657189
11,20.6359103629196,22.635551924239,21.3204818966214,24.7571182552802,20.5639726389908,20.1659976802784,21.0080194745123,25.2314608015429,23.6193360401157,22.9041811886975,20.6370353372185,188310.776103907,21.7635272011414,18.4158930918134,19.6445624004319,19.2473238018335,23.2491835179069,20.6594224764547,17.5741005954352,21.417299235465,21.8373667049881,23.3417099330021,21.1676795887774,23.4412026686578,19.6088973062358,29.6513815691204,22.865983109798,25.1037943226714,19.149139856569,21.6510179468378,19.191817568307,20.4519635667694,21.3286904477405,21.3105153226603,21.181071732316,20.4956866433708,21.3492739547187,21.7228999423197,18.8149684710065,20.0791007350831,19.4136142925817,20.0075406724235,20.3064298176074,26.6069627170156,25.6118114313856,25.4750902514053,23.4680589046674,22.0282185374319,20.164679693265,25.6276105623147,27.9846306984844,22.1311140981478,18.0445159178603,23.1339522308288,23.4231582489671,24.8560486252396,29.3376672042836,21.8784059605925,20.6434445250622,22.3903934195386,23.6741392950028,24.9308872329024
12,23.0076038022309,22.9235073129298,20.4087727016226,23.4444736433789,27.6548402683447,19.2986783745812,23.7669330593377,19.146101625351,21.5787987586715,23.2367462976516,17.621469824528,21.7636927737416,233200.368497093,21.7610537355656,21.6833356404677,24.7928057527941,19.8236090038552,18.2101311353121,22.2925733145344,29.8262794785575,20.3575992009183,23.4095963702263,20.9984273200642,23.0422505765016,19.8944903717259,28.9534015543489,21.6236016951388,22.7192427207992,19.6480421364492,27.7701643020362,18.7018292551824,20.2168802612118,19.9272583002086,25.9034851223122,20.0396898965135,21.9543168962024,17.3755401417519,22.6097482857859,19.8752041300087,22.3798362109532,21.5539953473273,19.4497985453692,19.838876044013,26.0435671825785,22.9015798607295,23.5302091917589,21.1500050544957,19.2479332312131,19.5548193335208,22.6789122015352,24.3061955660437,20.0169340998083,21.7935834964173,23.4782585450556,22.8026025680036,23.7979065624164,18.9169131975219,20.0597336682834,21.9749131529631,19.3679791274825,19.7264224556948,20.9910790127994
13,19.9863214916484,19.247471315554,19.1884843166642,18.6512232103119,19.9855680383473,18.6360916030134,23.1746916081483,17.7692581068332,22.2234824228151,23.8533154724476,24.7130429043924,18.4157477810971,21.7604536859454,253455.187190945,35.015375487898,20.7415301947653,18.1542603759514,21.9964015428427,20.4947652365509,20.6194518366536,18.5634423975098,21.6451158677866,19.3747979473822,22.9157336583214,26.2294107266805,23.5800834380328,21.8448736132033,19.1209893921779,19.6213917723164,22.4776511859339,18.2959433571721,17.5726727571708,23.6481966764805,26.9743481820386,20.6280269445537,19.9362297973618,17.8592937279062,20.4589479627365,22.1373211158942,24.9723411607267,19.9860878011186,20.1407484841958,19.0237604490132,20.6501876691032,16.9863420112462,18.0234141806983,21.7951162790376,16.895809681776,24.3478034869829,20.3464182048612,20.6743708079025,20.0962248998631,24.0024663461926,22.0364858899446,22.3813636367202,19.0840409648254,19.5185413634545,25.5120251632483,20.6031079640092,21.8273655747007,22.6081552637032,21.6826383361641
14,19.7848800264842,28.4249909169309,20.7915025835631,28.9730343046272,17.9365262988279,20.3849063239998,20.7403929216568,26.6755643292877,21.8325425016604,18.9154837928432,20.5659283860722,19.6448078170143,21.6834345256623,35.016231560564,257411.6855976,22.936207959797,25.7551481301039,23.7389999674919,18.9891249108339,22.992696509145,33.4852092383959,18.0907475209987,23.5534364373798,20.125463466627,21.3803157528545,19.8799613916337,25.0091173123612,20.7137644714277,23.5545573844423,21.0922053777008,17.9442105940094,23.577204187286,18.4174018809652,20.1614703589048,19.8820984725334,30.4200568560186,19.1488207899999,20.3766866364056,22.3683448204859,20.6909311239333,19.4692293944,19.75591934332,21.8502523845047,19.0720296357802,20.102737079616,25.7240594537887,19.660028111261,25.7685401661818,18.9831105157254,18.2836693186554,23.1776716550968,17.2513933727745,21.3253109986946,20.7859105264107,19.7456397376992,19.9266823484081,19.1048619272319,23.4421315739859,18.3602036252625,20.3968324303736,19.593426187377,16.4309914468892
15,23.4186955695725,19.379760522776,22.3117482611595,21.550821206841,21.7274729269744,20.8698523399305,18.2044239768545,24.4751461609726,19.6986476715086,18.3779461975711,23.9787365563736,19.2474695885159,24.7922872948765,20.7413136860309,22.9361803370214,164412.949094503,259.82877587232,19.3955618803824,26.2545742859787,21.3071422659166,19.6707871656134,21.7991570164527,22.4918550992447,25.2747055780736,25.7159406814846,23.9653875906805,21.7860455855261,21.5803430297902,16.9981414513261,22.2220858714606,24.1228272847996,23.9548675396493,31.1891874711504,23.5737063193444,20.3248221970895,19.668648332773,20.4817759343705,18.7300743673936,21.6727914931461,18.5065636873738,21.3596817371863,19.8352721388579,21.7137530114974,19.7990539885609,20.0257392884402,20.6678449123518,22.6355092014542,20.4134963893052,18.3675458118787,24.4994699718575,18.6598448973178,22.286557459245,18.2730683673912,21.5271411285864,23.3915453543735,20.1545463447494,20.8698128576668,20.4687914440156,23.9775888399954,20.1634736561078,21.80209107983,26.5968416041495
16,22.7732558177794,18.239460912946,18.1560268385803,20.1198183516984,24.1067923422498,20.1456725929776,21.6871424997647,24.2660903998403,20.7072833281831,32.8013764744653,17.3197018176016,23.249114949317,19.8243565590354,18.1540553885508,25.7551026994712,259.772133566617,168349.222071407,20.4061563951488,30.1182593407394,21.9965832691419,21.9527724835909,19.9543897254726,21.4178453985727,21.7652447417608,23.2773296819537,24.1190564017079,19.2919043781372,21.6647751322589,20.7673728788387,20.7948905215298,20.8420905911023,21.6006122501962,24.2867574365273,17.8640316269231,20.536611727801,21.0902388423073,18.117967842183,19.3261950798931,29.5171934885994,23.7533294072364,24.1859913401792,19.6908179046116,20.6926645105631,20.8766561478622,24.7940540834032,24.7882889960694,23.8577636913292,18.3629610480187,22.0708225210679,24.191852775101,22.7360537184035,20.1348284632879,19.4689699681182,23.0674167244813,21.4126526484936,26.5276483401193,20.8620218855815,18.8242336111483,27.2365592690518,19.2225949052859,21.8647473175027,20.9499907777098
17,23.7105088929844,20.8487131006366,22.8517958853472,19.3463422399724,22.2655663420132,30.5749876738242,19.6590295318414,29.9181953014543,30.2015973175449,19.7163427059677,22.3149842516885,20.6598382477872,18.2107173159242,21.9960297779905,23.7388048957729,19.3953812379338,20.4062634027368,229500.777090392,24.6144097923314,23.8854353815829,23.7382482028515,25.874317144347,24.0554334807477,20.8340168823101,35.6931821823365,26.7127780675958,21.1706717413413,23.5374789291023,21.6779055244649,36.1059969119331,20.780910311604,37.0271650369464,25.5500668924369,24.3030433566814,19.9881827274299,21.5342398492515,23.8355447479316,20.5139765383827,20.5143859335637,20.8227847421854,26.1947987784848,19.6301704125936,21.6238801458652,28.4016596341955,18.571029814933,22.1745258732666,21.4959611359467,23.9659254816811,21.6093136700771,21.2671540054002,24.9349414265213,19.3478635178552,20.6502055044164,20.5578285917286,22.1673791764268,19.4492874876199,18.6522830956358,22.5824207531114,19.7594936287028,28.7977568670929,25.8711512425304,23.8238516681875
18,24.7673386870517,26.1475770713847,29.2669989200167,24.0929243172097,22.077626420484,35.2266991142299,24.3327375846925,30.0814478312591,32.748908154427,21.9065042720352,19.428241520697,17.574769372099,22.2930327350304,20.4948629135914,18.9894671252706,26.2543266645774,30.1190150437099,24.6152119602922,219682.045842208,28.2576142092027,23.1634863587746,23.8170303148909,22.8711376851086,22.8779172548956,26.9739867130825,25.1418600692701,20.7166591269628,21.7308001870588,20.2039429317028,25.345609160692,22.4127749316945,28.6817712846571,30.4339829483539,19.4215744244477,22.2420566401592,25.3513855410748,21.9149054500044,21.9429130163975,21.4439596593595,21.5052757803656,20.4340360389745,25.5296667178061,26.9335167720789,22.9938241038052,22.0628406383377,27.6768347181484,25.030507005234,20.471593269366,23.0608247625294,24.6781613847382,21.7977720349546,20.6572281500202,20.8345421867124,26.7233973021211,21.3741042781308,20.4325235284557,23.8325103489257,20.1977376840669,21.9513009780045,25.4868363795082,26.4340221154864,23.034512712579
19,19.5197149404842,23.4449134572579,25.848710936369,30.6822435913715,21.2977879053896,31.6669126504015,19.2955298766704,31.3210108028316,29.5249445172716,28.6647563165613,19.1702072410668,21.4169969650635,29.8260917920039,20.619677100254,22.9931673618504,21.3065536162883,21.9970109305143,23.8849918281816,28.2580848972487,179245.638078724,24.1842737840323,22.5324993267811,26.7839394687916,20.796324855546,25.4703180154017,25.2182352777958,21.2037132713586,21.8766086498298,21.241534305502,26.469449152635,25.4146023543666,35.0477055369566,31.3128852546924,20.9396961534243,18.4149488938748,26.375878706125,21.0303774393751,18.4624815061443,21.0429432156208,20.0211415301774,21.8167196480876,18.6393066552653,20.3121629766906,24.2485149580644,25.9444033604199,19.8942138666093,22.9200600746992,18.688703763925,18.0698215935723,23.1951881981073,21.9234925552276,23.9290976385111,22.5848118903774,19.5716853288199,21.3060630771012,22.0453712102754,36.6667596278878,25.8164928431297,21.9741779355483,21.6678520656907,22.700219702463,24.2665878863222
20,20.5408530610435,26.728886772535,24.6852789907382,22.4980525880929,21.6163464732963,25.6903953839315,19.5272004994306,31.4504225524495,27.0871687515498,21.7504187686575,19.0415038732524,21.8374519264657,20.3580294672692,18.5626589157286,33.4851068428208,19.6703150586641,21.952102756999,23.7376307481308,23.162467229316,24.1834797335141,238793.762931785,29.6033406679247,24.7255443370446,21.8264769174233,23.2504118583176,24.4255588619577,20.137015305338,27.5272563811406,21.2506271785998,24.7999826399102,21.684905210626,22.4397032474446,23.4360188834231,22.7495634636902,25.4947787871058,28.2097945830281,20.7143703451567,21.6419532156996,20.7386928444515,20.9134171265575,19.8476083574633,20.5923760783232,21.1962284655709,28.7060654749715,22.7998062709253,29.2319892385766,22.009151154825,20.1165000817651,24.2549284515881,30.8809137712432,26.884370978818,23.9792648801813,22.234910751104,22.8167776527176,19.8790536887222,24.6332561118142,19.7106920920613,19.4600232449491,20.9573707828166,29.5182937264023,21.8294183896147,20.6602105958802
21,21.0119125260586,23.2770973624472,25.8239529228244,24.5108324516768,22.8913842020616,19.1479663246825,21.7626401672544,22.5015088480313,26.6020312738023,24.8606410286716,18.6728956603869,23.341917500007,23.4094830323257,21.6458636634496,18.0910007603521,21.7997108283304,19.9543147439941,25.875453330259,23.8172235615301,22.5321713819543,29.6037812943672,202523.198021272,23.1131862983103,58.5532137417469,91.637061025227,28.303916655235,22.0228845216627,27.9330140770457,24.9305714444474,24.8241513443628,23.9793626566864,21.8896681603854,21.8258358026119,22.501768275836,20.859110979939,21.8537208638796,24.7828698154587,18.0777776790214,26.2856655075246,22.1462106390797,20.7376340527481,21.9822615212897,23.9029202866512,30.0857076577861,25.1480724118176,22.2890783518967,21.4306515433771,26.2616497384017,22.2728021482416,25.6545697942051,24.3879581086781,22.4333874153208,25.8308759813469,28.6666947487142,18.6410285598663,18.8942649107892,23.3355724095631,25.9069602908547,20.754968076453,23.8027934621337,21.2024630211173,23.2355202222503
22,18.331823554542,23.8797016085893,19.9984767817738,19.4975272349523,27.5982940333523,17.1170990410636,18.5677010678589,25.0904265219114,24.3315215248234,21.0332639430141,18.6256251163194,21.1669979007321,20.9983063553978,19.3747783813048,23.5538456180156,22.4924229174975,21.4186417139009,24.0536092659312,22.870898397022,26.7858540185053,24.7259182230865,23.11316826952,193632.561287706,29.5380381968037,53.2188252499522,25.5940687367351,21.1553951678607,18.9425563088253,30.3305519674815,22.898823534338,19.7639457963274,23.1721188416767,19.8635454437325,20.9691815247124,21.8233972245476,22.596197557305,17.8642928694284,21.332583246671,18.8162205748641,22.9573534077902,23.7555507318454,19.5669718558677,22.1082760813248,22.0626013499622,21.9797554534302,22.5857260681917,22.1492240372884,20.4825417435596,18.1704236144192,21.6320940023545,22.7557626546899,18.6975617557793,22.5573703355222,29.4984539927573,17.5195433458284,24.4819783490596,23.3689461665683,21.2060419564165,21.1196522556349,29.401654228409,20.290323975493,25.2967001743071
23,23.6137905889326,26.8564221890534,27.2457715695806,20.2463118115826,23.0515398673989,19.1058455298922,19.9549871017141,20.8569762511011,23.4601965164264,26.5779249381685,23.1081657225252,23.4407304586655,23.0420685182414,22.9163492487771,20.1261192477152,25.2747424425152,21.7652307435146,20.833734718363,22.8772897941593,20.7965182586106,21.8269184255283,58.5534343349656,29.5410552910043,213868.904038646,249.598164340257,36.7417996639267,24.951325101947,27.5407170156576,21.056593577541,25.2241330293112,22.9816507929944,25.1052926255684,20.3015206632521,28.0869949633882,27.2071933430517,20.5676991444847,20.5064353724658,20.9654744118567,23.1509376570528,21.1249394142828,18.5572384441255,29.3478746430436,22.0374829662602,21.5179709559362,45.1450760606474,35.3397709324768,31.5358995959221,23.8778461090481,20.9349444537538,26.7776284024333,28.052513345612,21.060958934349,23.2120721722821,35.3001333393217,22.4612336821687,20.553987331055,21.3398615834131,19.8646505450434,28.2448535083366,24.1794757710468,25.6771871658208,28.2042345455233
24,18.1481619867419,23.2775008037689,19.7104999198764,28.9175335652844,16.6991248188905,19.6492992871641,18.2880192134021,21.4746738169496,23.2416986933194,24.2795103980429,21.2849391803681,19.6079735149325,19.8947324540666,26.2291782580022,21.3807473557527,25.7165430582538,23.2766866523861,35.6953321396646,26.9735023000667,25.468941526722,23.2500326429138,91.6354451609085,53.2201378242715,249.580121711913,176866.475679372,24.8264942882843,23.125028879339,25.8810309453782,27.4702734717273,18.6203609725109,18.9622881320353,31.1288225617683,20.2221662675353,20.9744374492292,20.9577323016857,22.3508157832262,23.9415707501353,19.8127625962416,21.7676274881254,22.6241007247609,17.1829941647079,29.0768687247848,20.3912815987817,19.8789473806788,31.5212040924881,22.9213242523321,27.4437403844517,19.4433605224527,21.596037615843,22.7032277041927,22.4739172243766,20.9523880281098,21.7667514422476,30.2470066747217,27.4098530258148,23.4939880018369,20.5017274752835,18.3160181704993,24.2179180926158,22.8774982398528,28.4294361213832,22.8310964108219
25,24.2122235886084,25.0263748991545,22.4327509316481,28.5159244115599,21.5972379175452,24.1366915853918,25.4439720296621,26.6022172362537,38.5041459709596,28.2878204865108,21.0290686200966,29.6516263988385,28.957807922899,23.5807362276749,19.8812068351006,23.9663197623636,24.1192774517982,26.7118711776329,25.1425596545902,25.218346153279,24.4259797842291,28.3042394205797,25.5945714412391,36.7409162995138,24.8269113790607,233523.43624901,23.6339214155419,27.514728717748,20.2719467537449,23.6712955217103,23.4506834989869,21.0203026069542,21.8583862219141,23.8552530578281,23.2934036586572,21.5456816708521,22.1774187594408,20.9668653744431,26.6779434491,19.1589128853468,19.4981053689696,32.4636132135685,24.9368047965185,21.2785393010574,28.99124581185,36.167728190552,26.593400754673,27.4328307428368,21.0068519793791,32.0170962370559,21.8396833669598,20.0412886580886,19.8341859170477,31.7832584458556,20.7755544905843,20.5531243913404,20.3507780059656,22.9732317558649,25.6798688043336,28.431750378324,43.3628963354772,28.0057810736674
26,24.3149895698714,28.6019399005949,20.388456293849,23.1934090972541,24.7689560803371,22.5939634749733,23.4100430269356,21.1711651775816,22.8937391857643,18.3676197577895,25.9733799050145,22.8658716580697,21.6225268945073,21.8447310960607,25.0091376660815,21.7855516933032,19.2926671135084,21.1696791793036,20.7172456920823,21.2048104802516,20.1370250445059,22.0225021021543,21.154943052947,24.9505314896503,23.1247926207539,23.6354078361738,174819.165456439,20.5157479188753,19.9224337470111,21.0019014683396,19.9029013650104,18.9065351210281,19.4540542940331,23.0014131201463,23.4235505269503,18.9444532378704,21.395858537614,21.8641586091421,23.8913881313565,19.4605302184054,17.3840401481758,22.0387357208225,22.9512348500991,24.2558626717005,23.7057802726641,25.6727072110809,27.4504906531562,26.610070092593,21.6485839389876,23.6617993969748,21.7001440748857,20.6724220957025,17.2456795254003,29.1019978657892,20.0138668199039,18.6596824036894,22.3431658616165,19.5801011131618,19.8809447670274,21.7275206246342,18.842047701178,20.5352293637148
27,29.4031942634926,25.891625151415,29.2656575186532,24.1821798281975,21.8947615910966,21.8031813192837,18.6829624740588,20.586599991236,25.1365679834865,22.9231259928526,19.6971915131373,25.104392804079,22.7183763509408,19.1202342999597,20.7120251661452,21.5795016807581,21.6652431363836,23.538661856132,21.7310393255575,21.8762242998427,27.5311766722965,27.9341083909056,18.9413425928573,27.5427764244112,25.881086230608,27.517046648186,20.5161081702599,169261.956776169,376.094673482561,21.8512535198698,24.8865572810322,21.8383599071382,22.3904957899917,24.6047113579389,20.8234045933702,24.2615563586551,21.2050040580155,21.4265535705313,20.6448756722936,20.7516720992714,26.6847477131276,27.3277522145143,19.550812914503,26.9270597033707,26.0832772555862,24.1544895729146,27.3897144305076,22.4153445041119,19.3996198560418,22.7778549064048,28.1636136861162,25.1097343011084,20.5484495443039,28.6397737801031,25.098343283079,18.6855933939356,26.9080389768509,27.7322998063888,20.9880948718632,21.4625960336696,24.4613056086738,25.4285147754539
28,26.0422278161738,24.9747157798548,22.543739420237,20.9831384772142,23.8687940288212,23.1840828228724,21.9528130676172,21.0724108674101,22.1424903346861,19.7975752551125,19.3805650995176,19.1507095973601,19.6478860415989,19.6217400805736,23.5541920566065,16.9990216995843,20.7669991509427,21.6775102181492,20.204519965217,21.2417567057971,21.2500307207956,24.9317177792373,30.3312359221799,21.0571728534794,27.4697943069636,20.2720261056137,19.9230917839678,376.243012103381,124869.773432147,21.9073106704531,22.8704262236689,21.793797918339,23.0308000768587,22.6877817206589,22.315124926184,21.7747994977264,22.4505500575099,22.3093205861613,21.5293573167786,20.3201574293033,21.7468991726832,22.3686703597665,23.0879732719105,19.3503299196096,22.8449028486651,21.4268814283059,20.4387319860322,23.401049801306,24.5952931383448,20.9821104816432,22.0700924634895,31.6301551692912,19.9161247836608,32.7523483533641,20.1103474684264,28.3737625030764,18.5625052361192,20.4623193723664,28.9523185318943,28.3422488154541,22.464635563862,20.7959412638704
29,19.6399187272554,23.3739380760451,20.1373148214577,19.3210295010436,23.070392771012,29.5761987904238,25.2471442752591,28.5208676778376,27.6855481295854,19.8791615828045,19.7399065266352,21.650223252275,27.7705428463722,22.4771347790217,21.0921143126376,22.2221094424963,20.7951610858764,36.1055863916248,25.3463042041199,26.470678079771,24.7995937743043,24.8244057929878,22.900010079767,25.2247469436606,18.6207867426712,23.6704379970593,21.0025263415822,21.8511030721272,21.9072702686489,174956.461720553,25.1107534904837,30.582247495265,36.6494251476052,26.8600099646028,18.070632841489,24.8064304978503,28.4403712180575,20.4877534124329,19.5354269572605,21.4526605436259,20.7027382743027,21.7331588433964,24.1369159126628,24.6854842124005,24.7920229034075,19.5093452571157,19.840937933427,23.5987709643509,21.5029448754684,29.7861667112629,24.4970202885327,19.4910364807394,22.3996154196815,21.2481264429663,24.0867565560913,17.1587294450058,20.8976566428723,20.784982399086,22.5974589973599,24.4006575280143,22.5414705488466,20.8955888410491
30,20.5271228867701,23.9963071488664,25.6680706722469,22.7626036231392,18.3161908502359,26.1346034564568,20.0088731426845,22.6490814436652,23.6203757074612,22.6985396827792,22.1863087884072,19.1915438255396,18.7024349647666,18.2956740160379,17.9433941516002,24.1231178229303,20.8412248253921,20.780647119332,22.4131824590469,25.4145453877516,21.6842148353776,23.9797475047951,19.7645105835832,22.9818735772918,18.9614561620221,23.4507888942218,19.9032957340387,24.8861005813824,22.8703545124299,25.1101905911868,207593.039646393,28.760031040572,28.3764014666876,20.6797141956842,21.0662857203453,25.1553307608771,21.8033354950452,26.5370872070408,21.8487571713371,19.1921009485519,20.9663559212204,23.9127097962352,20.4026064319024,21.2422933628597,26.9152783472897,23.0412044469442,20.9421084285867,21.1020560645543,22.4836957731107,20.2871352139763,22.2388572766203,20.7513105237144,25.6010684151328,21.4079893165022,25.5808817787281,24.4081802859183,20.4684924437433,18.9071819710956,20.072474252888,18.8768996207582,21.4845805932768,19.8349916409227
31,18.8482877441236,19.411554162225,18.8084859715858,19.0219359110402,22.3469376296124,29.7617277407933,18.0815187370205,33.4517346455527,27.7915726091099,28.8832194202713,19.0599616744419,20.4522014369408,20.2172246663316,17.5717506605067,23.5778422511958,23.9545995773297,21.6012631651352,37.0282141101388,28.6819793745943,35.0466445762696,22.4398794281368,21.8907539585074,23.1726631050644,25.1063786396639,31.1286472964254,21.0201649004833,18.9066810884491,21.8384595477212,21.7945584095377,30.582281788015,28.7598214281509,172290.221334253,31.9042727874388,18.6619709038851,18.2220691826642,23.8242535761293,18.0990059243734,20.5635530470035,19.4778057178705,22.9417482485783,22.5427602823593,23.4475745188872,18.4249031893329,19.0332686460239,22.4498740723198,24.84963980873,23.0162238711343,21.0597655532008,22.1867892776797,18.4699887140302,18.8027629872022,22.7713093085742,23.630024883426,25.1696546516149,23.581621953762,22.8863647348781,20.9903825594186,22.9109185396369,22.3797660873514,23.3092913729374,21.5187894731967,19.7280176285495
32,21.0775158126025,24.9491616467003,22.3098330783793,20.9614225473413,21.6906496777836,32.7152984849814,21.9896276910208,25.3676471827433,32.6964598060819,21.8831428870563,22.7066543482561,21.327789506562,19.9267388239697,23.6476422615825,18.417194026552,31.189372681024,24.2859516546109,25.5499937754137,30.4337112687205,31.3126695178318,23.4359491506884,21.8253172183596,19.863720706455,20.3010129130992,20.2219179875967,21.8579189647029,19.4546512349464,22.3909545547811,23.0299923638203,36.6478933070018,28.3755786518827,31.9041582357705,170592.035480979,21.0057989050211,19.920124931084,28.6661341250824,20.4301289861737,19.8322016135085,18.0575435560371,19.6375068518819,21.3162418246617,28.6672753095173,23.9321012906267,20.9583656575725,19.5974361903084,20.3633427832775,25.4575560606924,21.3914110316926,21.357266243786,25.2790591408244,22.3085009830366,23.5857802349158,19.2446449039822,21.2208065922563,22.3403698732867,18.9957485616473,19.4143382131564,21.8824051608415,18.4043145580361,21.1836345600761,23.1427399629836,25.1860143775504
33,27.5229701196185,19.5154617290702,21.7725780492206,22.8717071051478,24.4523718340699,23.5516251306679,19.4769042041854,26.1011447970417,24.3648645369251,23.7331215623064,21.632984425591,21.3106927403305,25.9033613855885,26.9740172771762,20.1615253511655,23.5737738082602,17.8638065173921,24.3043832449,19.421769946322,20.9389564286578,22.7504250644894,22.503966532116,20.9680385972552,28.087304273516,20.9739658311829,23.8550172587667,23.0011433628514,24.6047509558236,22.6871668721709,26.8590007807156,20.6801113339702,18.6623045166112,21.0059469331982,240025.67370707,23.3429460124524,24.046914994266,18.9778208541698,20.4104952268465,21.1772852840625,21.3211380753976,24.0075375730693,20.7254958035953,23.1961232270797,24.3649137960284,27.0611468662652,20.5029606656929,20.4735167298993,24.0519939050933,22.3661704285181,25.1217374967613,21.8669369381464,29.8596505187219,22.5085595388039,26.0533055875174,20.9178382194828,19.9172686540186,22.0159769541491,20.9987327339169,20.9013446603162,27.1172137204062,24.9761327292381,22.4672977625605
34,21.0252414835849,19.4883380363762,23.9782619885369,21.4961411832097,21.6882447859153,23.1548020621138,21.2543084835627,23.0831393886432,21.2275907218214,21.3072516262016,21.3889515369191,21.1818141550199,20.0398596908753,20.6277025847384,19.8814287834783,20.3246885936495,20.5365638433562,19.987606846867,22.2413350268564,18.4142637633054,25.4958517900129,20.8590187779945,21.8230192018012,27.2065720955169,20.9565663939638,23.2937844857734,23.4241895383374,20.8227380120402,22.315092470221,18.0703646741197,21.0662123996811,18.2215197864877,19.9201821788738,23.3434644365522,236432.454218305,23.5328892114675,21.880323723492,22.1282050087334,18.9552743175754,20.8311934753517,18.2962175521435,23.9274024926272,19.6090856718877,24.6817585128837,27.8660474021972,21.8919793870133,20.6539172356093,21.3514149653184,18.7320772690312,19.1987685338234,20.3665074823949,19.8348198822818,19.8817534588441,30.0911886897067,21.6710790671701,22.9396359540519,18.4874407039815,19.4472496733253,18.8051448997956,25.2310711158392,25.2976714004594,23.5357931751461
35,27.9071534535068,22.4511605898653,23.2908327990009,21.205769474399,27.1704353284447,26.766973204566,23.0937015278418,29.4164050761853,22.5522148468262,20.2950863367961,19.3301786301761,20.4943983501862,21.9543094321708,19.9362690924431,30.4197731046778,19.6684059792693,21.0898461689798,21.534138480868,25.3528831527682,26.3775952576903,28.2105281234276,21.8536762359015,22.5925775785348,20.5680546635806,22.3502621696617,21.5451881071173,18.9447976399132,24.2604476720606,21.774912380556,24.8061602022638,25.1560554125775,23.8240734305919,28.6662556373437,24.0464190117782,23.5333362449442,110565.871188168,23.6978541679653,22.4274473635664,23.4055856535547,17.2383042986381,21.645232217874,25.0367851807268,24.2134862363183,23.4650397776278,19.9138125541011,18.4520654130021,22.5182498478403,20.443127737501,19.3136732757838,22.0353286746991,26.2081327664201,19.8588812262228,24.1701598542965,23.1539351255644,23.2539589810855,19.8183823608903,17.9673074587265,18.2287180780191,22.7289099176391,20.4435751699298,21.5085126456608,18.4161922684085
36,21.9989582453709,25.4819467473291,17.5315432513062,22.3770307193369,19.5145425140188,19.7695928559801,19.2512651548051,27.6642120984167,26.2603418358861,18.9866851603461,23.3715191657333,21.3486124374017,17.3752641644488,17.8593648713063,19.1486430819184,20.4819209575236,18.1184513001247,23.8356918674774,21.9141559402314,21.0291339783544,20.7147553007735,24.782183987937,17.8648352203608,20.505744271585,23.9401366393823,22.1763231935287,21.3952095526405,21.2051645670768,22.4496258509133,28.4407762456187,21.8033850698645,18.0994120337937,20.4301433796297,18.977443037655,21.88009037642,23.6985437639152,222078.324444733,24.5770608816578,19.7684203258563,22.0433144141286,23.0935960877264,20.9379038853841,25.4279004289313,19.4463919643155,24.3101743963441,22.3557464345384,28.124919299158,24.6768471031983,20.4991168294369,21.9163322916571,21.6103641619882,21.0973709015676,22.6647999465615,21.7994363180723,19.2610133293189,20.3469345523111,22.5418352963287,22.3191002446646,19.4641296835571,21.4929900590002,26.6858958817159,17.9921501451026
37,22.9312468123732,23.9468695130651,21.7670673779547,24.7285588138638,26.1908340578401,21.0440680935226,19.2727981085444,23.5717911223459,18.7861811532179,21.2163027532737,20.035648908375,21.7229056284476,22.6090827580805,20.4582078865453,20.3766360245769,18.7299863332957,19.3257647073369,20.513635453988,21.9423271349656,18.4624234852098,21.6419301415293,18.078154002945,21.3327666969725,20.9656306229976,19.8122321994122,20.9665675805795,21.8657129852771,21.4259247342987,22.3084959889258,20.4877422698731,26.5373155385689,20.5625932394465,19.8316357139852,20.4103629634086,22.1280937743768,22.427595300147,24.5768901659549,131332.565431932,44.8319627689932,20.9608712179742,22.8897448342415,26.8860394227016,19.4263269704714,21.7731961720611,23.5952649927249,21.724899251807,21.8595477749945,21.7415251452079,21.4525709496505,18.7255078036796,18.6889745257102,22.7733941036921,26.9054228812087,21.1078319207288,24.292105135231,20.2006717040668,19.7966567528657,21.3068881136668,26.0978238675208,22.8945973480009,22.9458846743378,18.5793371247983
38,23.5811268423222,21.2107384090917,22.1242537462425,19.4385284019111,20.964656815216,30.8978709187954,22.6809684651207,20.3788363538621,23.4073559060623,19.3752036576377,21.5587458209671,18.8141738494853,19.8739510312508,22.1366523790479,22.3664294446274,21.6727143685323,29.5168187800294,20.5145378566797,21.4429492187995,21.0434106866566,20.7385824136716,26.2838647923155,18.8162361702949,23.1519447888913,21.7679986053602,26.6779324741338,23.8926029871011,20.6446649569557,21.5286305212586,19.5358281346809,21.8490768557539,19.4770802460231,18.0578217450007,21.177038190181,18.9547131023761,23.4045832284997,19.7671993803948,44.8220779474692,129038.688633672,20.7199203298833,19.3388571789288,20.0463978300408,21.5456723076323,22.7049222298627,22.2615424333478,21.0715160071413,25.2433285262117,19.8350993544227,21.5520608152613,20.6727821205748,21.2357346695411,25.0800267262058,20.4103485723438,19.0240614017922,21.5050994235047,20.4984017227772,20.3259134747309,19.114510260213,19.5398028240437,22.8782521536555,33.093725065007,18.6325912346913
39,24.2173586230366,20.9170526490642,22.9927553266897,22.8343842994107,19.6921325799979,19.1191127357561,18.4949471732158,21.1450277646062,19.6355368248339,23.2509897509395,24.4348807259059,20.0783265719862,22.3799107903735,24.9721445001704,20.6910315657292,18.5068893602985,23.7535427477851,20.8223129798285,21.5065310923591,20.0210220406623,20.9132037064518,22.1467480517286,22.9574575074332,21.1249866912048,22.6243850517966,19.1586251405775,19.4603805155506,20.7513921635933,20.3251767945664,21.4524676370143,19.1920278696254,22.9421872736598,19.6374062204965,21.3222243872311,20.8303075156414,17.2382994366379,22.043208992194,20.959299477542,20.7201460469719,149656.488576658,21.0839306408425,22.1919809427885,17.3308771473472,22.0947521717492,25.2379762466398,20.0791903001941,25.4268917903814,22.6438408913456,21.0272742924622,21.9662151938852,20.57179498706,22.8049249621899,21.6025310971624,22.4648896495819,21.7189878438401,17.7781860833942,23.3232540185291,21.5714095226178,19.5105600637183,19.8928176554534,20.7745322577391,21.0397047196707
40,19.4701822607826,21.7470300900026,18.1633681272604,21.2161109408503,20.4072331058273,20.686111311059,19.9055165305872,23.2124398907176,24.0552587929131,23.3548987990561,21.6245238282525,19.4144503969196,21.554269548845,19.9861321437481,19.4685447180348,21.3598699429337,24.1858573087698,26.1948937903268,20.4338457849567,21.8169447486217,19.8490964854729,20.7376702307384,23.7543974879995,18.5570641433112,17.1831011392262,19.4981239207011,17.3841291532813,26.6850433797579,21.7469197006521,20.7021236767657,20.9664691204683,22.5423957083648,21.3158999575285,24.0081559943649,18.2960538622755,21.6443533579682,23.093645576688,22.8901206308231,19.3385494256056,21.0835602872982,162800.115376833,21.2868744896982,20.7612106931376,18.2363394092047,20.0062996704952,21.9920433925629,20.2483334761415,18.3281889270363,22.9141179294084,23.2301960516178,17.4750305513354,22.6576144179222,19.9363444190509,21.2787548182801,27.5643289761422,22.4915260539588,24.0029289047515,17.8749503725502,20.2140325457627,16.4454976127869,20.7460455528595,20.2571923329582
41,21.6644513889469,20.1490677195266,18.2515754330982,24.0047567659647,21.6025942396885,22.2008197235882,20.3602147532876,23.7762866889301,20.1936929529341,25.6110470723397,19.7843450882816,20.0073955235075,19.4504253556414,20.1373263110774,19.7552074449615,19.8352184435489,19.6909782500975,19.6295199514824,25.5296065121456,18.638957120544,20.5915578235103,21.9810329264501,19.566501236146,29.3482057843256,29.0802572305242,32.4623356499883,22.0391879928746,27.3272775678151,22.3703864711909,21.7326963832308,23.9126946113279,23.44723758609,28.6675612172567,20.7258625482194,23.9266245886911,25.0361356924923,20.9383253001512,26.8874625968951,20.0462309654007,22.1929486816971,21.2871274235907,165118.593925084,20.2166739449735,19.3822733385736,24.1060894608745,30.4193533821069,23.0844812901052,22.1109161319527,19.6369121203787,19.2680798529689,22.3616860483011,22.3103894800605,23.3277187378712,22.43277745015,18.7995067756156,20.9726901502326,20.7228240555781,19.1295968137899,25.547276652073,22.6577765846323,19.6225118007557,18.6961952178724
42,22.5545256187651,18.8800323085721,24.0544511864937,22.7733406462007,21.7045165696991,20.7994962464111,21.7982170549881,25.9904322711887,24.4251835272796,30.9904638389867,21.9674701042575,20.3062877426811,19.8384781169362,19.0243313915675,21.8507441782631,21.7136382014086,20.6927601936695,21.6232849344389,26.9336276080946,20.3113998030723,21.1957654405205,23.9040472931875,22.1090944540243,22.0367776236332,20.3915252024971,24.9367382779332,22.9523501036572,19.551560690996,23.0869678856748,24.138240416091,20.4038046700041,18.4245758787568,23.9321488657182,23.1964367809161,19.6100595341234,24.2135355825224,25.4277917631331,19.4227020437656,21.5461758055551,17.3312815438584,20.7613985174536,20.216315341035,227098.563993642,26.6492334625863,25.2688638467555,23.9316672508497,19.0641441423598,23.7045391816149,23.9008586525764,27.5506591655479,21.3428045924095,20.4220835637421,24.7807384849711,30.8420685978446,21.9088835283598,24.7578534695101,23.5908183019927,20.63573779555,21.846788731467,27.4922508861554,21.1119859461859,22.9632677068489
43,23.9420658606232,26.4177598734984,21.9653040670524,26.3873987429654,26.0940355751744,18.8075109005625,21.5868892663154,36.312445301282,28.0747562052755,23.5662737297364,22.8222267110337,26.6070980331771,26.0430775276885,20.6516481134564,19.0725216802129,19.7992634623242,20.8764026587073,28.4017670287697,22.9938757882121,24.2491718085211,28.7065152449015,30.0835187288259,22.0626956243003,21.5180133870572,19.8791329174377,21.2779095526999,24.2555726025187,26.9260784995611,19.3516365004432,24.6870848072918,21.2418049823184,19.0336893842096,20.959184145252,24.3643564936744,24.6807561045014,23.4647988067239,19.4461274538535,21.7732022158545,22.7053085359534,22.0942960562064,18.2356639042986,19.3821527755618,26.6511814743239,236264.334379126,23.8053086996819,26.8951877217094,19.3280438443689,18.3106125646688,24.1473600151104,26.5109537243875,22.5129871174142,23.4950033339545,22.2152680875788,27.9026397659596,22.7457019266997,19.6438967289784,19.2198686954507,20.076684060211,23.6826778664703,30.5024929626601,26.4037346043584,28.4507887422094
44,20.1306063351808,23.2135608725629,22.2935877730824,21.6836848485513,21.0983841411137,19.2114492134702,18.5668391834554,22.0087074804598,23.0738413077291,24.1551967802417,18.7391134407891,25.6111801045442,22.9024164056165,16.986009073959,20.1024069054568,20.0257456074045,24.7944255585327,18.5710883787748,22.0635846540675,25.9447653059981,22.7992319715401,25.1472464548162,21.9796432893269,45.1417188167044,31.5227897852255,28.9898559819387,23.7074381523247,26.0823476966701,22.8425254985867,24.7926436717273,26.9148580069425,22.4499610583222,19.5980497784197,27.0603519831719,27.8663469886417,19.914190501795,24.3111873277858,23.5943600117196,22.2615090109313,25.2368954250254,20.0071354105385,24.1076452135168,25.269317945289,23.8048845882821,214155.725591315,30.2206147646469,20.6960364819858,36.7850251162581,26.1887747428037,30.1664474339891,25.8951026337321,20.3712375948209,24.3214966038614,37.4247615950116,18.3813380251521,20.2952307101089,24.0966375272621,19.7221280167096,32.6977860941554,22.1521048889737,28.3509719697208,24.9864416556644
45,26.805872984424,24.2327870143917,23.0532002756003,26.4701188633953,19.5762222883235,21.695779387337,33.3891377002338,18.8918440112906,22.8054229674131,28.8271627964668,22.4303189746382,25.4750154224339,23.5299450912834,18.0233242469828,25.7246402975753,20.6677874786524,24.7874948898517,22.1711795555002,27.6785235874677,19.8944525601499,29.2331011408917,22.2902224273064,22.584834318008,35.3420007148021,22.921505140888,36.1641867394135,25.6726137186511,24.1547263960982,21.4271446108982,19.5087250765177,23.0407135914314,24.8532236704665,20.3625202372178,20.5016278025572,21.8920738559782,18.4521641304669,22.3567530006537,21.7249020232856,21.0713859634158,20.0797329893447,21.9919336514966,30.419039119581,23.931391503568,26.8940318703656,30.221079290151,218345.81764194,25.2559988164151,23.4226152614178,22.577006175892,22.9099875805432,22.0477416550874,24.8481500099308,24.304067753329,34.192717104172,19.529435012391,17.5756435206464,23.1301662568234,22.5056414418716,22.93023894846,22.1492395005085,24.0805607129245,21.1666783179036
46,24.4639174558159,18.7329086725808,21.4797711290585,23.171165741514,22.5833597790002,18.7907206470279,18.7205556281874,21.6734051038707,22.3545054592198,22.1586185626338,22.718271037345,23.4662552693161,21.1498941063974,21.7959545366828,19.6606533824185,22.6361905782855,23.858135610805,21.4947010899165,25.0291508941396,22.9200970745717,22.0095353064152,21.4301658760356,22.1487893720014,31.5368392414198,27.4449767968324,26.5940963685679,27.4513690525359,27.3906249194464,20.4368182615358,19.8381582174119,20.9437306468543,23.0168415824262,25.4571763458996,20.4744179835978,20.6535519272667,22.5183536405207,28.1255300482637,21.859757548195,25.2444978308346,25.4264356706413,20.2477530619552,23.0845156311692,19.064962358223,19.3275637630811,20.6956501436982,25.2552955775582,151712.345985201,20.302417202079,21.9612947904351,18.9628853750009,22.0805691550758,21.1390530945714,20.2003224474812,29.0731557667496,19.9969460298333,19.8267471801522,22.6013612653469,22.7883801220707,20.4936110367036,20.9417140636313,21.7105297791152,23.9635206430675
47,18.204721278346,24.7094837661018,22.8912315405208,19.6545417602283,25.2815410183591,23.527978631719,22.7883756883126,17.8451492610508,23.6114062008268,20.5710249901216,17.690315945878,22.0285753633228,19.2485485520616,16.8956246670626,25.7677931212659,20.4138801519275,18.3639098297629,23.9653972579932,20.472013252472,18.6893386326386,20.1158897415563,26.2609227770635,20.482028313738,23.8776000808665,19.4435800871598,27.4320048005003,26.6093128186041,22.4148535132902,23.4016466592474,23.5983722461962,21.1038077374302,21.059408446455,21.391228548464,24.0518347576877,21.3509247883883,20.4431698886771,24.676329986155,21.7399479031504,19.8348816596013,22.6433490739719,18.3282244759586,22.112108669883,23.7053982506132,18.3107623274257,36.7857591373419,23.4225095168455,20.3028228507331,183560.687355834,23.8489462303705,21.0736667324481,21.5785381253604,21.204148814623,21.1649852575911,20.2632123919098,21.6201880266145,21.6585956065445,22.5647644530788,23.672717928949,22.1141140044269,20.5741421574335,19.2112702472066,19.5562714193389
48,25.1512548615753,21.6973086176593,22.5935538430657,24.9149427072507,18.5754261351726,26.2261703188813,23.9935020025021,18.8802095703938,23.5977923109356,20.250140403882,20.1071000477503,20.1644634160819,19.555928155263,24.3478271278557,18.9822481226068,18.3664119004617,22.0706022644736,21.6089178920671,23.061977195331,18.0691089403972,24.2554087154648,22.2728806424772,18.173611398324,20.9354104624396,21.5958518743739,21.006301679351,21.648364078405,19.4002330562054,24.5960264444538,21.5030102079838,22.4835013179145,22.1871862091352,21.3564433713312,22.3640764607968,18.7322773757097,19.3104343878222,20.4984468456748,21.4526933738345,21.5518856021837,21.0271960473809,22.9142498901219,19.6366174717463,23.9008837128451,24.1474661271194,26.1888347066377,22.5768992149354,21.9618041117936,23.8491742421311,148666.740194142,24.3142362696,20.9966834550165,21.9549318017187,21.5472303904543,26.2000648533872,19.6078531187271,22.7835436263631,19.3393387368066,21.9032604458812,22.7405460254107,26.9782225578763,20.7339789868688,22.8423122282051
49,19.340809224416,21.6113581434817,21.0657048449932,28.3150354954785,30.1956603841786,21.9064196303793,19.1831808189568,21.5473565480912,31.0113881108757,26.6675118542969,19.0464095408689,25.6260211202305,22.6794543729197,20.3466248653874,18.2842863070137,24.4999807257845,24.1927008605694,21.2666963381344,24.6783587232454,23.1940385320542,30.8856676178666,25.6541889088706,21.6317780043958,26.7774916505468,22.7024561320271,32.0171389538034,23.6618950006896,22.7779279871317,20.9823415355342,29.7862366374777,20.2872799009774,18.4700599945705,25.2799008509379,25.1218644853197,19.1974059576,22.0352219928886,21.9167870067303,18.7263096721595,20.6733581022988,21.9655382862778,23.2306754760451,19.2670310980235,27.550912452179,26.5132090419016,30.1658433901113,22.9107347373324,18.9625122464603,21.073046806183,24.3141844508832,237940.336970581,24.0161962000788,22.7219094629551,20.791189992585,24.5356955304786,21.18719717961,25.5911682693107,24.0076145904479,19.4405628376279,24.2841355833603,30.9348609840742,25.2293045172957,24.0837979300853
50,26.0640297109731,21.8894422608466,25.3552323683766,21.2663902775669,20.974173772358,19.4088522421754,18.4222588919042,19.8190177823599,29.9617219409545,22.3842008077667,24.6127371169116,27.984322015638,24.3058730969952,20.6739333693757,23.1775695539978,18.6600297850487,22.7361828174006,24.9340213275938,21.7980997567115,21.9228434095192,26.8843554761918,24.3886694633717,22.7564034032215,28.0490197464822,22.474062827966,21.8386773090923,21.7021635903811,28.1613574006674,22.0699205844541,24.4979069489278,22.2403880886203,18.7986935107466,22.3078504681198,21.8668756839916,20.3666693983306,26.2065793037306,21.6109353263476,18.6892375939915,21.2365201782074,20.5708377796661,17.4748424108262,22.3611025662552,21.3428343807843,22.5124665467635,25.8929601427963,22.0477495326638,22.0805336236794,21.576715580359,20.9962096119345,24.0166278945683,188470.334060765,24.3170927974686,29.663016714708,27.8954481807776,21.7407641667333,22.112670073841,20.0402147967885,28.2435893837872,21.2197368176836,23.7651412156312,30.6286825927349,25.4687079598553
51,18.8794882113563,23.3308797381685,20.1320553265988,24.3679870164098,20.1094476170738,17.5197487839875,19.7575169379447,23.5526491475865,22.0464585299098,21.113262202035,20.3270145437114,22.1308478273633,20.0167080674704,20.0958819200932,17.2519422526949,22.286460644022,20.1347178509827,19.3475049947545,20.657121227855,23.9281807030517,23.979760973721,22.4337510549485,18.6975219251691,21.0601292342989,20.9515444212282,20.0413940251334,20.6728037880654,25.1073227606055,31.6290703877005,19.4908845267271,20.7502961063569,22.771399871752,23.5857465288981,29.8597518795799,19.8349971596304,19.8591486400222,21.0963712352865,22.7731616831347,25.0809660009043,22.8048889505282,22.6590841906405,22.3108736624835,20.4215940089883,23.4952582670373,20.3717161077999,24.849380659579,21.13900092794,21.2041840697769,21.9552644407782,22.7223506315799,24.318319876178,243394.244235672,21.2986301731036,21.834944835775,23.2562853952312,23.2434145764959,17.8066052107577,24.9628905768961,26.3683618653074,22.8314564891659,21.94601916809,22.3292933198751
52,25.4008985049133,23.6996505448822,23.4906048956404,18.7625611914433,21.5379764091052,26.0910202218563,20.5548018635718,22.8902473169226,20.5267475204699,24.1728383592747,20.6868179161274,18.0439009399285,21.7932801660713,24.0031887280806,21.3254212257643,18.2731308666945,19.4690046167945,20.6500957332617,20.8354087114996,22.5840504182655,22.2345260605933,25.8320996716607,22.5583015300095,23.2120086978898,21.7668031023605,19.833834672974,17.2458421817804,20.54826003015,19.9155364389489,22.399679402339,25.5996227539325,23.6297502553006,19.244683693271,22.5092489401988,19.8822738487068,24.1698427162439,22.665394646377,26.905949219456,20.4104809806699,21.6030513263028,19.9361730267618,23.3283815203068,24.7803818990665,22.2146505288092,24.3213615449791,24.3035756983129,20.2034958319758,21.1650405960559,21.5473254542101,20.7913802314549,29.6622975459268,21.29923224734,233470.262128671,21.6223702043321,20.7894400236987,21.1133724670388,23.5865625722337,21.4015733001901,25.5864869711423,26.2756691470944,21.7402892559138,20.698321881653
53,20.3952085826156,24.9388016809563,22.2008170502689,28.8772084268634,25.8095286856813,22.9292264453991,21.7963296206124,26.1317779116863,26.3061181002122,21.0922393317266,20.7434417920759,23.13391248183,23.4780605614866,22.0362737257288,20.7858823861216,21.5274140863909,23.0677783128291,20.5571391791769,26.7240711356067,19.5718238568894,22.817055328789,28.671162378392,29.4996108887358,35.3013025006004,30.248114223421,31.7830017119079,29.1019294224698,28.63760687541,32.7527568470002,21.2497999833267,21.406318377572,25.1704970412389,21.2203427630746,26.0530310776773,30.0909013973785,23.1540040028427,21.7991937286545,21.1072994753233,19.0234496644211,22.465811142422,21.2785366528059,22.4330279022579,30.8440239797962,27.9024663181896,37.4253205036959,34.2027442382823,29.0718603259774,20.2632204389796,26.199540339292,24.5358088129009,27.894387525893,21.8344852501606,21.6221750048792,211627.429865989,24.6708811129539,29.593977456313,23.0629573986652,20.4957940777698,29.5586332165447,28.8591209960232,24.1460235737541,30.4530123421913
54,22.5891868520715,18.3185324072915,18.8628292627569,23.7536843349117,22.6681279466103,19.6584200706912,21.0455204112755,19.2730853046532,18.424534832144,24.3137358703424,18.2105549492036,23.4230550045042,22.8020087650143,22.3814135162314,19.7462960461529,23.3920749076641,21.4127382382544,22.1667226350628,21.3748306562733,21.306631267387,19.8805982477597,18.6415335839899,17.5196790869527,22.4617873430625,27.4088147146342,20.7751671232397,20.0134323874164,25.0989235988865,20.1108856869571,24.0871546010142,25.5793284575641,23.5813281716021,22.339788556925,20.918076970071,21.670852117094,23.2536886154392,19.2622425945432,24.2926701354833,21.5050140035611,21.718305165418,27.5634252165813,18.7996343729371,21.9088055299126,22.7458517118835,18.3815338109989,19.5294646946389,19.996699463313,21.6201557919325,19.6071381099371,21.1870210815502,21.7410701044746,23.2570132040883,20.788469051833,24.6714384284244,169303.303471986,23.0544931193814,23.7559679062658,23.2507339986017,20.9039012842201,18.83634873331,21.8433324911945,19.9537546897936
55,19.6699417063195,24.6284405034346,23.2496818235727,24.1323675589275,20.6795177833757,22.2904114930773,18.8211997337461,19.3889448598196,22.8431787021258,20.0748914778515,20.9308505941803,24.8563778352184,23.797098402211,19.0833466795098,19.9269008451078,20.1549003727009,26.5279739263218,19.4500053328891,20.4329039342346,22.0454197034283,24.6330708347558,18.8944204701907,24.4810807089408,20.5540359720567,23.493565771573,20.5529011394931,18.6599410711412,18.6852503441138,28.3743422971289,17.1590818194302,24.4080927062044,22.8863874362847,18.995651449585,19.9166662171871,22.940414347098,19.8178347011999,20.3463102811246,20.1989262540974,20.4986039040833,17.7784060361231,22.4908348323897,20.9729424403676,24.7576997687068,19.6429762263539,20.2949340044445,17.5756305299804,19.8279049499476,21.6591211717409,22.781446643486,25.5913665009872,22.1115462676765,23.2430150103838,21.1139938876227,29.5944594299122,23.054563749059,155257.566439327,20.4514766293392,22.3743959727515,22.5568957884148,21.4573633572365,20.8922214353633,24.7902954607413
56,26.0648102194057,19.8592549888622,21.031793471615,23.635839474774,18.4084486084328,20.6510356782183,23.0737144591358,19.8258091187401,19.9119905711207,27.0051708967192,23.0007090606572,29.3384065022706,18.916896786893,19.5185301314863,19.1049129301039,20.8707381691849,20.8615508430968,18.6525831749933,23.8320645777492,36.6674266894757,19.7099453682044,23.3347237204567,23.3697517344094,21.3404984207806,20.5009477801823,20.3502783412876,22.3421438689709,26.908305607615,18.5629977910746,20.8975961801774,20.4687085638017,20.9900713501195,19.414524485244,22.0153219861804,18.4875320493791,17.966961553847,22.5416726076856,19.7970789549156,20.3254335188538,23.3223443661187,24.0032413023709,20.7223843428413,23.589916712843,19.219593689312,24.0962703321496,23.1309042591285,22.6023255722937,22.5652195473748,19.3382042351996,24.0077634236675,20.0405830701227,17.8068870272023,23.5870259545467,23.0621250570757,23.7551126906227,20.4517672888089,166987.821482667,21.4661638356751,24.4471014961397,24.2161524895185,20.685913630274,28.1082349062479
57,24.5368693692053,25.6294534091385,19.4284235076493,25.300743817572,25.6562352984643,17.8377982307531,22.0806396028331,20.8179926660231,20.7405812759386,22.7535280219096,20.7773452467546,21.8792780734191,20.0599003358464,25.5123718789588,23.4428784331983,20.4695882151289,18.8242805629618,22.5833268480441,20.1975245260623,25.8170790680369,19.4602214599089,25.9068207889881,21.2054818659561,19.8654289183637,18.3164864304295,22.9737461546302,19.5806696719411,27.7299704043026,20.4616420195195,20.7847268206279,18.9064278051192,22.9108879945086,21.8825949410243,20.9978484101414,19.447227366266,18.2290342352281,22.3190186303102,21.30694806945,19.1144900458518,21.570282824335,17.8751167563899,19.1296567096563,20.6356737048299,20.0761528827682,19.721486508445,22.5067703409647,22.788931245995,23.6723507354834,21.902986472833,19.4409794937032,28.2445938187276,24.9640183363684,21.40101796203,20.4960589623048,23.2506003064424,22.3743260631413,21.4660693037904,199738.856382276,21.1990447788858,30.1753470695407,24.1121679641047,22.8658896501101
58,18.4589961701103,21.6030755938677,22.6806871097561,24.1033442912878,21.8486598257722,20.7187915482748,21.7123883026284,22.9086928196396,21.1728122856711,22.3635019687824,19.1977162401623,20.6433936968986,21.9749762907188,20.6026499161693,18.3605256292778,23.9771641810262,27.2366689142825,19.7591970766192,21.9513524580511,21.9740160781543,20.9572672998075,20.7554072829262,21.1192898827286,28.2463957288195,24.2168625373049,25.6793057718638,19.8808772313878,20.9874964396607,28.9504601785619,22.5962199278852,20.0719138139054,22.3775936853058,18.4042459519568,20.9001392117747,18.8053260696557,22.7281800256316,19.4638033920503,26.0973284455881,19.539281577462,19.511013101607,20.2141082557958,25.5461296270719,21.8468911121441,23.6826301982008,32.6984833897655,22.930834634666,20.4942627545038,22.1142334333042,22.7413226396516,24.2841853749699,21.2165316757857,26.3687874106963,25.5865812936329,29.5582769744553,20.9045809874238,22.5568957884148,24.4456356765635,21.1984019364659,133681.58486011,28.9611456710095,22.3073621119916,22.6743034090547
59,32.1545745164315,37.4494531265293,28.9133431009687,33.3770949103936,43.3850129031789,24.3867789941443,27.6542124526972,25.0626881218936,26.3589470167871,23.012665488588,24.8951619331523,22.3907334370873,19.3680451835638,21.8269040762666,20.3963714429144,20.163596768165,19.2226307504327,28.7976003571048,25.4871784690025,21.6677654529097,29.5177199505788,23.8018274142463,29.4011840273369,24.1826682779921,22.87842443643,28.4320123779038,21.7277753678275,21.4615180824709,28.3395784362819,24.4009152265903,18.8764076420634,23.3092994350166,21.183922047746,27.1166821968493,25.2307044324902,20.442550214061,21.4932795957631,22.8940287497405,22.8782628554294,19.8934640310603,16.4451215972545,22.6581809330722,27.4896767618274,30.5038602346912,22.1521418459743,22.1490012272395,20.9411898275949,20.573788028909,26.9776616230855,30.9327184801064,23.7701355670865,22.832545367072,26.2765982877482,28.8621069266544,18.8360210055117,21.4579693108798,24.2165577863928,30.1769605976515,28.9613902013935,218249.747069425,22.1253304823659,31.7560961700835
60,21.5248091542195,25.6607469896279,24.5025633224803,24.0229519574702,25.8863086149816,23.0922115028494,21.8765137206276,21.7512702256487,18.835579543445,21.6578088636916,21.5848594927618,23.6749649296794,19.7264119384293,22.608112730295,19.593367540867,21.8020618133553,21.8647114284273,25.8717537285101,26.435879702557,22.7009263465717,21.8296864333725,21.2026497614392,20.2899192724806,25.6757079280349,28.4283700809971,43.3622823005749,18.8421442572574,24.4607024875627,22.4649007714653,22.5409778622513,21.4851198251983,21.5194639281745,23.1432121142926,24.9760052048109,25.2985926485394,21.5086823715269,26.6866150041685,22.9456128322665,33.0932511196912,20.7734045368909,20.7499288684227,19.6226461747683,21.1117627818401,26.4042609943711,28.3527546635701,24.0816137789217,21.7114154612994,19.2114038710491,20.7337649908671,25.2287010506167,30.6288648721947,21.9457974299021,21.7399723203928,24.1454477199282,21.8432460134283,20.8923492706313,20.6857512807367,24.1127096873029,22.3075320082018,22.1246107440609,226801.878818919,24.0866098036427
61,24.656853436763,24.1867265887383,22.8369409422609,23.6851874760321,21.2585154792588,19.7908143543853,21.6630921720742,24.1126901384779,24.5230487699204,19.9447532937433,18.5204197619326,24.9299593168199,20.9945395858955,21.6822453909661,16.4309072610917,26.5971775147605,20.9505182447448,23.8241463898669,23.034202788282,24.2670556962588,20.6600378402281,23.2348574763877,25.2962523084,28.2035084448811,22.8320305906979,28.0058285257515,20.5349305513255,25.4283196280363,20.7963982043945,20.8983575969757,19.8348284884234,19.7281937580439,25.1866950594208,22.4674892941458,23.5347998825932,18.4157785512185,17.991704746932,18.5792678911491,18.6325599791882,21.0396527792681,20.2567786350613,18.6957692321273,22.9630809370285,28.4517579874896,24.9848509392474,21.1659553896495,23.9639264373825,19.5546410276002,22.8426570771394,24.0840061647134,25.4690527262929,22.3299179185003,20.6991358827695,30.4534760573362,19.9540233104476,24.7897748528703,28.109347230422,22.8652810546943,22.6757024803265,31.7567921384479,24.0866291282329,251396.282105071
0.33500837520938,23.2506003064424,,,,,,,,,,,,,,,,,,,,,,,,,,,,,,,,,,,,,,,,,,,,,,,,,,,,,,,,,,,,,
